{
    "robot_root_name": "pelvis",
    "human_root_name": "LowerBack",
    "ground_height": 0.0,
    "human_height_assumption": 1.8,
    "use_ik_match_table1": true,
    "use_ik_match_table2": true,
    "human_scale_table": {
        "LowerBack": 0.9,
        "UpperBack": 0.9,

        "ThighLeft": 0.9,
        "ThighRight": 0.9,
        "ShankLeft": 0.9,
        "ShankRight": 0.9,
        "FootLeft": 0.9,
        "FootRight": 0.9,

        "UpperArmLeft": 0.75,
        "UpperArmRight": 0.75,
        "ForeArmLeft": 0.75,
        "ForeArmRight": 0.75,
        "HandLeft": 0.75,
        "HandRight": 0.75
    },

    "ik_match_table1": {
        "pelvis": [
            "LowerBack",
            0,
            10,
            [
                0.0,
                0.0,
                0.0
            ],
            [
                0.54167522,
                -0.45451948,
                0.45451948,
                0.54167522
            ]
        ],
        "left_hip_yaw_link": [
            "ThighLeft",
            0,
            10,
            [
                0.0,
                0.0,
                0.0
            ],
            [
                0.0,
                0.0,
                0.70710678,
                0.70710678
            ]
        ],
        "left_knee_link": [
            "ShankLeft",
            0,
            10,
            [
                0.0,
                0.0,
                0.0
            ],
            [
                0.0,
                0.0,
                0.70710678,
                0.70710678
            ]
        ],
        "left_ankle_roll_link": [
            "FootLeft",
            50,
            10,
            [
                0.0,
                0.0,
                0.0
            ],
            [
                0.70710678,
                0.0,
                0.0,
                -0.70710678
            ]
        ],
        "right_hip_yaw_link": [
            "ThighRight",
            0,
            10,
            [
                0.0,
                0.0,
                0.0
            ],
            [
                0.70710678,
                -0.70710678,
                0.0,
                0.0
            ]
        ],
        "right_knee_link": [
            "ShankRight",
            0,
            10,
            [
                0.0,
                0.0,
                0.0
            ],
            [
                0.70710678,
                -0.70710678,
                0.0,
                0.0
            ]
        ],
        "right_ankle_roll_link": [
            "FootRight",
            50,
            10,
            [
                0.0,
                0.0,
                0.0
            ],
            [
                0.70710678,
                0.0,
                0.0,
                -0.70710678
            ]
        ],
        "torso_link": [
            "UpperBack",
            0,
            100,
            [
                0.0,
                0.0,
                0.0
            ],
            [
                0.5,
                -0.5,
                0.5,
                0.5
            ]
        ],
        "left_shoulder_yaw_link": [
            "UpperArmLeft",
            0,
            100,
            [
                0.0,
                0.0,
                0.0
            ],
            [
                0.0,
                0.0,
                0.70710678,
                0.70710678
            ]
        ],
        "left_elbow_link": [
            "ForeArmLeft",
            0,
            10,
            [
                0.0,
                0.0,
                0.0
            ],
            [
                0.5,
                0.5,
                -0.5,
                -0.5
            ]
        ],
        "left_wrist_yaw_link": [
            "HandLeft",
            0,
            10,
            [
                0.0,
                0.0,
                0.0
            ],
            [
                0.5,
                0.5,
                -0.5,
                -0.5
            ]
        ],
        "right_shoulder_yaw_link": [
            "UpperArmRight",
            0,
            100,
            [
                0.0,
                0.0,
                0.0
            ],
            [
                0.70710678,
                -0.70710678,
                0.0,
                0.0
            ]
        ],
        "right_elbow_link": [
            "ForeArmRight",
            0,
            10,
            [
                0.0,
                0.0,
                0.0
            ],
            [
                0.5,
                -0.5,
                0.5,
                -0.5
            ]
        ],
        "right_wrist_yaw_link": [
            "HandRight",
            0,
            10,
            [
                0.0,
                0.0,
                0.0
            ],
            [
                0.5,
                -0.5,
                0.5,
                -0.5
            ]
        ]
    },
    "ik_match_table2": {
        "pelvis": [
            "LowerBack",
            0,
            10,
            [
                0.0,
                0.0,
                0.0
            ],
            [
                0.54167522,
                -0.45451948,
                0.45451948,
                0.54167522
            ]
        ],
        "left_hip_yaw_link": [
            "ThighLeft",
            0,
            10,
            [
                0.0,
                0.0,
                0.0
            ],
            [
                0.0,
                0.0,
                0.70710678,
                0.70710678
            ]
        ],
        "left_knee_link": [
            "ShankLeft",
            0,
            10,
            [
                0.0,
                0.0,
                0.0
            ],
            [
                0.0,
                0.0,
                0.70710678,
                0.70710678
            ]
        ],
        "left_ankle_roll_link": [
            "FootLeft",
            50,
            10,
            [
                0.0,
                0.0,
                0.0
            ],
            [
                0.70710678,
                0.0,
                0.0,
                -0.70710678
            ]
        ],
        "right_hip_yaw_link": [
            "ThighRight",
            0,
            10,
            [
                0.0,
                0.0,
                0.0
            ],
            [
                0.70710678,
                -0.70710678,
                0.0,
                0.0
            ]
        ],
        "right_knee_link": [
            "ShankRight",
            0,
            10,
            [
                0.0,
                0.0,
                0.0
            ],
            [
                0.70710678,
                -0.70710678,
                0.0,
                0.0
            ]
        ],
        "right_ankle_roll_link": [
            "FootRight",
            50,
            10,
            [
                0.0,
                0.0,
                0.0
            ],
            [
                0.70710678,
                0.0,
                0.0,
                -0.70710678
            ]
        ],
        "torso_link": [
            "UpperBack",
            0,
            100,
            [
                0.0,
                0.0,
                0.0
            ],
            [
                0.5,
                -0.5,
                0.5,
                0.5
            ]
        ],
        "left_shoulder_yaw_link": [
            "UpperArmLeft",
            0,
            100,
            [
                0.0,
                0.0,
                0.0
            ],
            [
                0.0,
                0.0,
                0.70710678,
                0.70710678
            ]
        ],